id;first_name;last_name;email
1;Emily;Johnson;emily.johnson@gmail.com
2;James;Smith;james.smith@yahoo.com
3;Sarah;Brown;sarah.brown@hotmail.com
4;Michael;Lee;michael.lee@outlook.com
5;Olivia;Taylor;olivia.taylor@aol.com
6;William;Harris;william.harris@gmail.com
7;Sophia;Clark;sophia.clark@icloud.com
8;Benjamin;Lewis;benjamin.lewis@yahoo.com
9;Ava;Scott;ava.scott@hotmail.com
10;Jacob;Adams;jacob.adams@outlook.com
11;Charlotte;Walker;charlotte.walker@aol.com
12;Daniel;Perez;daniel.perez@gmail.com
13;Isabella;Martinez;isabella.martinez@yahoo.com
14;Elijah;King;elijah.king@hotmail.com
15;Mia;Roberts;mia.roberts@icloud.com